[
  {
    "name" : "Dollar",
    "value" : 32.25,
    "image" : "dolar.png",
    "short": "USD"
  },
  {
    "name" : "Euro",
    "value" : 34.76,
    "image" : "euro.png",
    "short": "EUR"
  },
  {
    "name" : "Japanese Yen",
    "value" : 0.21,
    "image" : "jpy.png",
    "short": "JPY"
  },
  {
    "name" : "British Pound",
    "value" : 40.41,
    "image" : "gpb.png",
    "short": "GBP"
  },
  {
    "name" : "Australian Dollar",
    "value" : 21.32,
    "image" : "aud.png",
    "short": "AUD"
  }
]
